{
  "datetime": "5:29:44 PM 1/23/2023 ",
  "0xbb4CdB9CBd36B01bD1cBaEBF2De08d9173bc095c": {
    "UNITS_FOR_1TOKEN": "1000000000000000000",
    "FEES": 2,
    "BUYBACK": 5,
    "REFERRAL": 1,
    "APR": 35,
    "APR_RESET": 31536000000,
    "MIN_INVEST_LIMIT": 0.0001,
    "MAX_INVEST_LIMIT": 0,
    "UNLOCK_PERIOD": 7257600000,
    "WITHDRAW_COOLDOWN": 86400000,
    "marketUnits": 0.0287679,
    "COMPOUND_BONUS": 0.015,
    "COMPOUND_BONUS_MAX": 365,
    "COMPOUND_STEP": 86400000,
    "totalStaked": 0.0287679,
    "totalDeposits": 1,
    "totalRefBonus": 0,
    "totalWithdrawn": 0
  },
  "0xe9e7CEA3DedcA5984780Bafc599bD69ADd087D56": {
    "UNITS_FOR_1TOKEN": "1000000000000000000",
    "FEES": 2,
    "BUYBACK": 5,
    "REFERRAL": 1,
    "APR": 35,
    "APR_RESET": 31536000000,
    "MIN_INVEST_LIMIT": 0.0001,
    "MAX_INVEST_LIMIT": 0,
    "UNLOCK_PERIOD": 7257600000,
    "WITHDRAW_COOLDOWN": 86400000,
    "marketUnits": 43246.75555493592,
    "COMPOUND_BONUS": 0.015,
    "COMPOUND_BONUS_MAX": 365,
    "COMPOUND_STEP": 86400000,
    "totalStaked": 1.733522,
    "totalDeposits": 112,
    "totalRefBonus": 0,
    "totalWithdrawn": 1.862
  }
}